SHZH	Auxiliary Heating
MIN	Minute
TAGE	Days
PORT	Port
CONTROL	Control
PROGRAMM	Program
TASTER	Button
DATUM	Date
TUNER	Tuner
INTERN	Internal
INJ	Injector
ALLE	All
HDDOWNLOAD	HDD Download
BEST	Best
FZM	Vehicle Center Module
ROUTINE	Routine
VA	Front Axle
BAND	Assembly Line
MIT	With
KALIBRIERDATEN	Calibration Data
VEHICLE	Vehicle
HOEHE	Altitude
LI	Left
STAR	Star
BIT	Bit
EE	EEPROM
BETRIEBSART	Operating Mode
BETRIEBSDATEN	Operating Data
TP	Transport Protocol
LWM	Air Mass Sensor
SVS	Service
TEMPERATURSENSOR	Temperature Sensor
BEDIENTEIL	Control Unit
SERVO	Servo
ANTWORTET	Responds
MAP	Map
ANHEBUNG	Increase
LENKSAEULE	Steering Column
EMERGENCY	Emergency
ADDRESS	Address
RESETZAEHLER	Reset Counter
ZURUECKSETZEN	Reset
ZUSTAND	State
EGS	Transmission Control
ISTUFE	Integration Level
LW	Steering Angle
KENNUNG	Identifier
DRUCKRAMPE	Pressure Ramp
APPLIKATION	Application
AUSSETZER	Misfire
TYP	Type
FZG	Vehicle
LENKSTOCK	Steering Column Switch
KANAELE	Channels
QUALITAET	Quality
VIDEOVERBINDUNG	Video Connection
SCHNELLTEST	Quick Test
WATCHDOG	Watchdog
SEND	Send
TOTALMILAGE	Total Mileage
PRECALIB	Pre-Calibration
FENSTER	Window
GENERAL	General
MIKROSCHRITT	Microstep
BEREICH	Range
GERAETESUCHE	Device Search
INITIALIZATION	Initialization
DIAGNOSTIC	Diagnostic
MILAGE	Mileage
HWNR	Hardware Number
ADRESSBUCH	Address Book
TELEFONNUMMER	Phone Number
ZERTIFIKAT	Certificate
ERGEBNIS	Result
ALARMTRIGGER	Alarm Trigger
SEC	Second
ANTENNE1	Antenna 1
PHY	Physical Layer
MODUL	Module
TEMPERATURE	Temperature
FESTELLKRAFT	Clamping Force
AUFRUFE	Calls
CONTROLFELD	Control Field
HECKSCHEIBE	Rear Window
TRIP	Trip
HANDJUSTAGE	Manual Adjustment
LENKRADHEIZUNG	Steering Wheel Heating
EICHLAUF	Calibration Run
LOCATION	Location
RAILDRUCK	Rail Pressure
GENERATOR	Alternator
SPRITZBEGINN	Injection Start
STANDHEIZEN	Auxiliary Heating
AIM	AIM
DIAGNOSEBIT	Diagnostic Bit
FONDKLIMA	Rear Climate Control
KOMMUNIKATION	Communication
MONTAGEMODE	Assembly Mode
MID	MID
SIGNALAUSGABE	Signal Output
CANFRAME	CAN Frame
ARGUMENT	Argument
ZUSATZFUNKTIONEN	Additional Functions
PERFORMANCE	Performance
LOCKSTATE	Lock State
TESTER	Tester
ATMEL	Atmel
WD	Watchdog
FZ	Vehicle
CORR	Correction
PAIRED	Paired
EINFAHR	Break-In
SERVOTRONIK	Servotronic
TESTBIT	Test Bit
ASW	Application Software
STARTWERTPROGRAMMIERUNG	Start Value Programming
EXTRA	Extra
HERSTELLINFO	Manufacturing Info
PROGRAMMCODE	Program Code
LISTE	List
HERSTELLDATUM	Manufacturing Date
NORM2	Norm 2
PROGRAMMERSTELLUNG	Program Creation
COMPLETION	Completion
SDIAG	Service Diagnosis
AKTION	Action
CAT	Catalyst
ADAS	ADAS
ISTKRAFT	Actual Force
ANSAUGLUFTTEMPERATUR	Intake Air Temp
MAPPINGS	Mappings
ATMOSPHAERENDRUCK	Atmospheric Pressure
BATTERIELADUNGSZUSTAND	Battery Charge State
BEDIENSCHALTER	Control Switch
NETZWERK	Network
WOCHEN	Weeks
AUSLASTUNG	Load
EA	Input Output
STRECKE	Distance
ILLUMINATION	Illumination
NMAX	Max Speed
GANGWAHL	Gear Selection
GERAETE	Devices
GETRIEBETEMPERATUR	Transmission Temperature
RECEIVER	Receiver
HFMS	Hot Film Air Mass Sensor
IG	Ignition
INPUTPEGEL	Input Level
INSTR3	Instrument 3
ALARMCOUNTER	Alarm Counter
KL50	Terminal 50
ENTPRELLT	Debounced
LENKSEITE	Steering Side
LETZTEN	Last
BEDIENSTATISTIK	Operating Statistics
INKREMENT	Increment
PARKBREMSE	Parking Brake
PRIMAERSPEICHER	Primary Memory
RADGESCHWINDIGKEITEN	Wheel Speeds
ROHWERTE	Raw Values
FREI	Free
SHIFTLEV	Shift Lever
NACHRICHT	Message
SOFTWARELOADING	Software Loading
STATUSBYTE1	Status Byte 1
STEUERORT	Control Location
NOX	NOx
TEMPERATURKOLLEKTIV	Temperature Collective
UMGEBUNGSDRUCK	Ambient Pressure
VERSTELLWINKEL	Adjustment Angle
VERBRAUCHERPRIORITAETEN	Consumer Priorities
WASCHWASSER	Washer Fluid
ADR	Address
ANTRIEBE	Drives
AUSRICHTUNG	Alignment
PER	Per
CMD	Command
DEMO	Demo
DREHMOMENT	Torque
EINZELADRESSIERUNG	Single Addressing
ANSTEUERSIGNAL	Control Signal
GLUEH	Glow
SPUELEN	Purge
KOMMUNIKATIONSTEST	Communication Test
KURZHUB	Short Stroke
ORANGE	Orange
FLAP	Flap
NOTOK	Not OK
DIREKT	Direct
TASTENBELEUCHTUNG	Button Illumination
RGB	RGB
SEITENSCHEIBENHEIZUNG	Side Window Heating
UMWAELZPUMPE	Circulation Pump
SRA	Headlight Washer
ANZEIGEN	Displays
AUSLIEFERZUSTAND	Delivery State
WARNLAMPE	Warning Lamp
WISCHERMOTOR	Wiper Motor
ENDANSCHLAG	End Stop
XDUMP	X Dump
UEBERWACHUNGSBEREICHE	Monitoring Ranges
COUNTS	Counts
SW	Software
KALIBRIERUNG	Calibration
MPC	Power Controller
GET	Get
ERROR	Error
REGISTRY	Registry
GPS	GPS
BYTE	Byte
FBD	Remote Key
LOGGER	Logger
WUP	Wake-Up
AUTO	Auto
SCHALTER	Switch
STATION	Station
STUFE	Stage
EINSCHALTEN	Switch On
GATEWAY	Gateway
EMF	Park Brake
ASCET	ASCET
SELFTEST	Self-Test
MD	Torque
KLIMA	Climate
CD	CD
FUNKTIONEN	Functions
AGR	EGR
SIMULATION	Simulation
ABS	ABS
ETHERNET	Ethernet
QUALITY	Quality
EINZELN	Individual
LOGISTIC	Logistic
VENTILKENNLINIE	Valve Curve
MENGE	Quantity
NICHT	Not
MOT	Engine
RAMPE	Ramp
NOTLAUF	Limp Mode
DISPLAYLISTE	Display List
STUETZPUNKTGITTER	Support Point Grid
ANFAHREN	Start
ROH	Raw
MONTAGE	Assembly
ZF	ZF
INBETRIEBNAHME	Commissioning
VANOSSPUELEN	VANOS Flush
SPRACHPAKET	Language Pack
AUTOINIT	Auto Init
CHECKCONTROL	Check Control
DWG	Wheel Speed Sensor
EV1	EV1
TRACKING	Tracking
LEVELUP	Level Up
VOLUMEAUDIO	Volume Audio
ENSEMBLE	Ensemble
OEFFNEN	Open
VERSCHLEISSDATEN	Wear Data
STARTWERTE	Start Values
DISP	Display
ADAPTIONSSPEICHER	Adaptation Memory
STEUERGERAET	Control Unit
MONTAGEBETRIEB	Assembly Mode
RESULT	Result
REPROG	Reprogram
MCGW	Central Gateway
FUELTANK	Fuel Tank
OC3	Occupant Detection
TELEFONNUMMERN	Phone Numbers
PRE	Pre
PLIP	Remote Unlock
BROWSER	Browser
STATISTIKDATENSATZ	Statistics Record
ALIVE	Alive
ODER	Or
ANTENNE2	Antenna 2
BASESTATION	Base Station
BETRIEBSMODE	Operating Mode
DISKRET	Discrete
DIGITALEINGAENGE	Digital Inputs
EXT	External
FILTER	Filter
FW	Firmware
HIGHSYNCCONNECTION	High Sync Connection
IMAALLE	IMA All
IODIGITAL	IO Digital
MASKE	Mask
CONNTABLE	Connection Table
KLAPPENPOSITION	Flap Position
PEDALWERTGEBER	Pedal Sensor
VENTILE	Valves
RDS	RDS
FERTIGUNG	Production
STROMABGLEICH	Current Calibration
TEMPERATURABSCHALTWERTE	Temperature Cutoff Values
VERST	Amplifier
WLC	Wireless Charging
ALARMTEST	Alarm Test
TESTSTIM	Test Stimulus
FUNKTIONSPRUEFUNG	Function Test
KALTLUFT	Cold Air
ANSTOSSEN	Trigger
MOTOREN	Motors
PRUEFMODUS	Test Mode
SIMULTAN	Simultaneous
SVT	Vanos Adjustment
TONE	Tone
ECHTZEITDATEN	Real-Time Data
ANALYSIS	Analysis
SYSTEMZUSTAND	System State
AUSGABE	Output
CODIEREN	Coding
READECU	Read ECU
FAKTOR	Factor
TESTMODUS	Test Mode
NEUFAHRZEUG	New Vehicle
DEPENDING	Depending
MULTIFUNKTION	Multifunction
ABFRAGE	Query
STARTWERTRUECKSETZUNG	Start Value Reset
ENTRIEGELN	Unlock
WECHSEL	Change
LENKWINKELOFFSET	Steering Angle Offset
LIEFEREANTENNUMMER	Supplier Part Number
NORM3	Norm 3
PSEUDO	Pseudo
REICHWEITENSCHWELLE	Range Threshold
SEKUNDAER	Secondary
KONFIGURIEREN	Configure
DIAGNOSTICS	Diagnostics
ABGASTEMP	Exhaust Temp
KL15W	Terminal 15W
UNTER	Under
AMPLITUDEN	Amplitudes
ENGINE3	Engine 3
HEATER	Heater
DC	DC
BOOST	Boost
AUTOADRESIERUNG	Auto Addressing
BATTERIELEITUNGSDIAGNOSE	Battery Cable Diagnosis
BEDIENTASTER	Control Button
TEILE	Parts
ROTOR	Rotor
BOTSCHAFTEN	Messages
EINGANGSSIGNALE	Input Signals
TEMPOMAT	Cruise Control
FCAN	F-CAN
ZUENDKREISE	Ignition Circuits
SINK	Sink
GIERRATEN	Yaw Rates
SATINFO	Satellite Info
BLOECKEANZAHL	Block Count
DME4	DME 4
INTERRUPT	Interrupt
POWERFOLLOWUP	Power Follow-Up
KLAPPEN	Flaps
KUEHLMITTELSTAND	Coolant Level
DKG	Dual-Clutch Trans
ASK	Audio System Controller
MECHANISCHER	Mechanical
SCHRITTANZAHL	Step Count
NULLGANG	Neutral Gear
ANTENNEN	Antennas
PROPORTIONAL	Proportional
RADMOMENTEN	Wheel Torques
RDU	Tire Pressure
ROTORLAGESENSOR	Rotor Position Sensor
ESN	ESN
SEKUNDAERSPEICHER	Secondary Memory
HARDWARENUMMER	Hardware Number
VERSIONIERUNG	Versioning
SOFTWARENAME	Software Name
PULSE	Pulse
STATUSBYTE2	Status Byte 2
STROMREGLER	Current Regulator
VERBUNDEN	Connected
TAST	Button
TEMPERATURMONITOR	Temperature Monitor
INCREASE	Increase
UMGEBUNGSTEMPERATUR	Ambient Temp
BODY	Body
GATEWAYMODULES	Gateway Modules
VIA	Via
WEGE	Paths
ZUENDKREISWIDERSTAENDE	Ignition Circuit Resistances
CENTER	Center
CORRECTION	Correction
AUTOADRESSIERUNG	Auto Addressing
BILD	Image
YEAR	Year
COMFORT	Comfort
PRUEF	Test
MESSUNG	Measurement
FREQUENZBAND	Frequency Band
GONG	Chime
KAELTEMITTELVERDICHTER	Refrigerant Compressor
SENDE	Send
LADER	Charger
ROT	Red
STANDALONE	Standalone
MOTORLAGER	Engine Mount
WISH	Wish
OL	Oil
RADELEKTRONIK	Wheel Electronics
PINS	Pins
SEQUENCE	Sequence
SATZLESEN	Record Read
ZFLS	Steering
EINSTELLEN	Adjust
MODIFICATION	Modification
PWM	PWM
FH	Window Lifter
SENSOREN	Sensors
SZM	Center Switch Module
LED	LED
DVD	DVD
DYN	Dynamic
TMC	Traffic Message Channel
STANDARDISIERUNG	Standardization
GEN	Generator
HISTORIESPEICHER	History Memory
ALL	All
UBAT	Battery Voltage
FACTORY	Factory
PTC	PTC Heater
FREQUENCY	Frequency
MESSDATEN	Measurement Data
TILT	Tilt
GW	Gateway
CHANGE	Change
DOWNLOAD	Download
DWS	Wheel Rotation Monitor
TIMER	Timer
SCHWELLE	Threshold
INNENLICHT	Interior Light
PHYS	Physical
SELECT	Select
REGULATOR	Regulator
QUERBESCH	Lateral Acceleration
WASSERPUMPE	Water Pump
EPS	Electric Power Steering
HMI	HMI
WERKSTATT	Workshop
DEAKTIVIEREN	Deactivate
AUSGAENGE	Outputs
DELAY	Delay
LOCALID	Local ID
KENNLINIE	Characteristic Curve
NORM	Norm
DYNAMISCH	Dynamic
MAN	Manual
STATISTIKDATEN	Statistics Data
AMPLIFIER	Amplifier
AUX	Aux
CKMDATA	CKM Data
TASTE	Button
GYRO	Gyro
LADEDRUCK	Boost Pressure
LIGHT	Light
TUER	Door
FRISCHLUFT	Fresh Air
SCHLIESSEN	Close
SYSTEMTEST	System Test
ASC	Stability Control
VARIABLE	Variable
CODDATA	Coding Data
MISC	Misc
CALC	Calc
AKTUALISIEREN	Update
PASSKEY	Passkey
ADDRCODINGDEFAULT	Address Coding Default
FLAGS	Flags
FUNCTION	Function
FILTERWERTE	Filter Values
PROD	Production
CODES	Codes
FZD	Roof Function Center
FEHLERSPEICHER	Fault Memory
STATISTIKZAEHLER	Statistics Counter
MOMENTENKENNLINIE	Torque Characteristic Curve
KOPF	Head
ANTENNENKONFIGURATION	Antenna Configuration
BAUREIHE	Series
BLINKERRUECKSTELLUNG	Turn Signal Reset
NAECHSTE	Next
DEBUG	Debug
DISC	Disc
WISCHERTASTER	Wiper Switch
FWV	Firmware Version
BLOCKIERUNG	Blocking
INCLINATION	Inclination
IP	IP
KINDERSICHERUNG	Child Lock
LAUFWERK	Drive
SCHRITTZAHLEN	Step Counts
SWNR	Software Number
PROVISIONING	Provisioning
REV	Rev
SCHRITTMOTORE	Stepper Motors
AUXVERBINDUNG	Aux Connection
VERBRAUCHERREDUZIERUNG	Load Reduction
EINSCHALTVERSUCHE	Power-On Attempts
DREHZAHLFUEHLER	Speed Sensor
GANGANZEIGE	Gear Display
KOMPONENTEN	Components
FUNKTIONSTEST	Function Test
REGLERGROESSE	Controller Variable
SINUSGENERATOR	Sine Generator
ULF	Hands-Free Module
REVISION	Revision
RESTART	Restart
TJA	Traffic Jam Assist
ENTWICKLERBOTSCHAFTEN	Developer Messages
TABELLE	Table
INI	Init
USER	User
LADEZYCLEN	Charge Cycles
WERKSEINSTELLUNG	Factory Setting
CRASH	Crash
DIAGTUNNELLING	Diagnostic Tunneling
AENDERN	Change
EXECUTE	Execute
GERAETEDATEN	Device Data
MANUELLER	Manual
ERWEITERT	Extended
JUSTAGEKENNLINIE	Adjustment Curve
LERNWERT	Learned Value
SPRACHVARIANTE	Language Variant
MESSE	Measure
NORM4	Norm 4
WERKSPROZESS	Factory Process
REGISTERS	Registers
SOURCES	Sources
SIGNATURPRUEFUNG	Signature Check
GIERRATENEMPFINDLICHKEIT	Yaw Rate Sensitivity
ABSOLUTER	Absolute
LEERLAUFLUFT	Idle Air
AGS	Automatic Transmission Control
EVAP	EVAP
ENGINE4	Engine 4
OBD2	OBD2
NOTENTRIEGELUNGEN	Emergency Releases
AUSSCHWINGZEITEN	Settling Times
AVERAGE	Average
BATTERIETRENNGRUND	Battery Disconnect Reason
BEDIENUNG	Operation
BOOTVERSION	Boot Version
MILE	Mile
CDC	CD Changer
PROTOKOLL	Protocol
AND	And
NTC	NTC
TX	TX
SONDENDIAG	Oxygen Sensor Diagnosis
EINSPRITZMENGE	Injection Quantity
FAHRERLENKWINKEL	Driver Steering Angle
FESTSTELL	Parking Brake
FREISCHALTUNG	Activation
EXTERNAL	External
GESCHWINDIGKEITEN	Speeds
GLOBAL	Global
GURTKONTAKTE	Belt Contacts
AGGREGATE	Aggregates
WARNEREIGNIS1	Warning Event 1
ACCELERATION	Acceleration
SHUTDOWN	Shutdown
LINES	Lines
ISTSTAND	Actual Level
FAHRER	Driver
VERSTELLBEREICH	Adjustment Range
KODIERDATEN	Coding Data
KUEHLMITTELTEMPERATUR	Coolant Temp
LICHTTASTER	Light Switch
QUADRANT	Quadrant
AVAILABLE	Available
MIXER	Mixer
MOTORISTMOMENT	Engine Actual Torque
ERKENNUNG	Detection
PHASENSPANNUNGEN	Phase Voltages
VERBAUT	Installed
RAMDATA	RAM Data
ROUTE	Route
FIRMWARE	Firmware
BEREICHE	Ranges
HARDWARESTERNNUMMER	Hardware Star Number
SICHERHEIT	Safety
SLIDE	Slide
DREHZ	Speed
SPERRBEDINGUNGEN	Lock Conditions
STATUSBYTE3	Status Byte 3
STAENDE	Levels
DXC	Dynamic Stability
GEDRUECKT	Pressed
ISTZUSTAND	Actual State
TRANSPONDER	Transponder
HUB	Stroke
CODINGRELEVANT	Coding Relevant
GATEWAYTABELLE	Gateway Table
FM	FM
ZWANGSHOCHSCHALTUNG	Forced Upshift
AIRCON	Air Conditioning
ATEMP	Ambient Temp
AUTODETEKT	Auto Detect
BUSSE	Buses
NOTIFIED	Notified
NACHEINANDER	Sequential
IMPULS	Pulse
NORMIERUNG	Normalization
RICHTUNG	Direction
ROTATION	Rotation
KLANGZEICHEN	Sound Signal
UEBERNEHMEN	Apply
ODO	Odometer
LHZ	Auxiliary Heater
MEMORIES	Memories
OUTPUTPORT	Output Port
PUMPENSTROM	Pump Current
DIAGSTAT	Diagnostic Status
RINGBRUCH	Ring Break
SERIENNR	Serial Number
REVERSIEREN	Reverse
LOOP	Loop
TRACK	Track
HARD	Hard
WASCHDUESE	Washer Nozzle
ZENTRALE	Central
VERSIONEN	Versions
STELLEN	Set
NEWSEELAND	New Zealand
VAR	Variant
CURRENT	Current
SHD	Sunroof
LIST	List
LAMPEN	Lamps
ADAPTIONSWERT	Adaptation Value
CAR	Car
LCD	LCD
FUNKTIONSBELEUCHTUNG	Function Lighting
LEUCHTEN	Lights
DTC	DTC
NEUE	New
IMAGE	Image
FUNKTION	Function
ALARM	Alarm
SPEED	Speed
DESULFATISIERUNG	Desulfation
DEAK	Deactivate
ABGLEICHFLAG	Calibration Flag
CKM	Car Key Memory
BATTERIE	Battery
STATE	State
APPLICATION	Application
CONNECTION	Connection
RINGSPEICHER	Ring Buffer
ADRECOVERY	Address Recovery
LENKWINKEL	Steering Angle
ENGINE	Engine
PRODUCTION	Production
REMOTE	Remote
AKTIVE	Active
BUTTON	Button
ERSATZPROGRAMME	Replacement Programs
FALSE	False
SENSE	Sense
SELECTIV	Selective
TESTBILD	Test Image
ERASE	Erase
LERNWERTE	Learned Values
QUERBESCHLEUNIGUNG	Lateral Acceleration
SECURITY	Security
SUMMENLENKWINKEL	Total Steering Angle
HOEHENSTAND	Ride Height
CVT	CVT
LEISTUNGSSTUFE	Power Stage
LOG	Log
EV3	EV3
LANGUAGE	Language
SEARCH	Search
MICROPHONE	Microphone
WECKRINGSPEICHER	Wake Ring Buffer
AENDERUNG	Change
DISABLE	Disable
SPERRE	Lock
REVERSIERUNGS	Reversing
GLOBALFLG	Global Flag
VOLLSCHRITT	Full Step
BATTERY	Battery
RF	RF
PROGRAMMING	Programming
NAVDVDPIN	Nav DVD PIN
LOWTOL	Low Tolerance
SUPPORT	Support
TRANSFER	Transfer
DIMM	Dim
SIGNATURTEST	Signature Test
ABGASTEMPERATUR	Exhaust Temperature
GETRIEBECODE	Transmission Code
DME1	DME 1
LEHNE	Backrest
NACHZIEHEN	Retighten
BREMSEN	Brakes
HIGHLEVEL	High Level
MASTER	Master
FAHRGESTELLNUMMER	Chassis Number
PFAD	Path
GAIN	Gain
AXIS	Axis
STROEME	Currents
KLASSIERSPEICHER	Classification Memory
LESESTATISTIK	Read Statistics
SUMME	Sum
PORTS	Ports
PTCAN	Powertrain CAN
RUHESTROMMESSUNG	Quiescent Current Measurement
EMPFINDLICHKEIT	Sensitivity
SOFT	Soft
BELASTUNG	Load
VIDEOEINGANG	Video Input
VERDAMPF	Evaporator
GESAMT	Total
RETURN	Return
LUEFTER2	Fan 2
RELAIS	Relay
AUSSEN	Exterior
KRAFTEINSATZ	Force Application
ZERO	Zero
PERSISTENT	Persistent
SOLLSTROM	Target Current
SUBBUS	Sub-Bus
LENGTH	Length
DENORMIERUNGS	Denormalization
TRACENUMMER	Trace Number
ALT	Old
EXTRAHIEREN	Extract
ZENTRALCODE	Central Code
BEDIENKONZEPTZUSTAENDE	Operating Concept States
FRIENDLY	Friendly
BUFFERS	Buffers
AUSLOESEN	Trigger
KWP	Keyword Protocol
CID	CID
FAHRGESTELL	Chassis
SELBST	Self
PRGDATE	Program Date
EXTENDED	Extended
SSI	SSI
JUSTIERUNG	Adjustment
MOSTREGISTER	MOST Register
LAYER	Layer
MITTELWERTE	Average Values
KALIBRIERWERTE	Calibration Values
MISLOCK	Mislock
MANUFACTURER	Manufacturer
EXIT	Exit
MAXIMUM	Maximum
SONDERJOB	Special Job
LEFT	Left
ABSTAND	Distance
AKT	Current
BASE	Base
ENGINE5	Engine 5
UMGEBUNGSHELLIGKEIT	Ambient Brightness
PRUEFUNG	Test
SYSTEMKONTEXTE	System Contexts
MESSAGE	Message
BATTERIETRENNUNGSANZAHL	Battery Disconnect Count
BEGRENZ	Limit
BORDNETZSPANNUNG	Vehicle Voltage
DEPENDENT	Dependent
CONTACTBOOK	Contact Book
DAUERLAUFDATEN	Endurance Run Data
DIGITAL1	Digital 1
DYNAMIK	Dynamics
EINZELADRESIERUNG	Single Addressing
FAHRPEDALWINKEL	Accelerator Pedal Angle
LOCAL	Local
IPCONFIG	IP Config
GM	Body Module
HALLSENSOREN	Hall Sensors
HORIZONTAL	Horizontal
WARNEREIGNIS2	Warning Event 2
STEPS	Steps
VARIABLES	Variables
CRUISE	Cruise
DRIVERS	Drivers
KLAPPTOP	Convertible Top
KOMFORT	Comfort
KUP	Clutch
LASTWSENSOR	Load Sensor
SYSTEMAUDIO	System Audio
LINEARSENSOREN	Linear Sensors
PHYSIKALISCH	Physical
USAGE	Usage
MLFB	Order Number
MOTORSOLLMOMENT	Engine Target Torque
PHASENSTROEME	Phase Currents
QLT	Quality
READABLE	Readable
REG	Reg
RUHESTROMWECKZAEHLER	Quiescent Current Wake Counter
SENSORPARAMETER	Sensor Parameters
ZUSAMMENBAUNUMMER	Assembly Number
SICHERHEITSFAHRZEUG	Security Vehicle
SOLLSTAND	Target Level
SPERRSTELLUNG	Lock Position
STATUSBYTE4	Status Byte 4
STAND	Level
AKTIVIERUNG	Activation
TRIMMREG	Trim Reg
STACK	Stack
FLASHABLE	Flashable
VSYNC	VSync
WIEDERHOLZAEHLER	Repeat Counter
RECIRC	Recirculation
AUDIOMATRIX	Audio Matrix
AUTOSTORE	Auto Store
WACH	Awake
MASK	Mask
DIGITALSIGNALE	Digital Signals
HAFTSYSTEM	Adhesion System
INITIALISATION	Initialization
DEFROST	Defrost
KRAFTSTOFFPUMPE	Fuel Pump
LINEAR	Linear
MMI	MMI
FESTSTELLKRAFT	Clamping Force
PANEL	Panel
DISPLAYBELEUCHTUNG	Display Lighting
REP	Rep
RUHESTROMUEBERWACHUNG	Quiescent Current Monitoring
SIRENE	Siren
GETAKTET	Clocked
TESTSTAND	Test Bench
VOICE	Voice
AUSSENSPIEGEL	Exterior Mirror
SOLLKONFIGURATION	Target Configuration
TASTENSTATUS	Button Status
ZAEHLERSTAENDE	Counter Readings
ANA	Analog
GURTBRINGER	Belt Presenter
FREEZEFRAME	Freeze Frame
NAVI	Navigation
SPIEGEL	Mirror
LSM	Light Switch Module
COMPILER	Compiler
INTEGRATOREN	Integrators
ZYL	Cylinder
CLR	Clear
TORQUE	Torque
LEVELS	Levels
PARAMETERS	Parameters
TO	To
TIME	Time
VOLTAGE	Voltage
KOMPRESSOR	Compressor
BOOT	Boot
OUTPUTS	Outputs
HDD	Hard Disk Drive
OELPUMPE	Oil Pump
REASON	Reason
DRUCKSENSOR	Pressure Sensor
LAENGSBESCHLEUNIGUNG	Longitudinal Acceleration
LEDS	LEDs
FALLBACK	Fallback
DIMMWERT	Dimming Value
INTERNER	Internal
ANTENNE	Antenna
NEUSTART	Restart
PAGE	Page
UMLUFT	Recirculated Air
TRANSDIAG	Transmission Diagnosis
PARAMETRIERT	Parameterized
ANALOGWERTE	Analog Values
ROUTING	Routing
CONTROLLER	Controller
GENERATE	Generate
LESE	Read
RATIO	Ratio
STOPPEN	Stop
LAENGS	Longitudinal
BETAETIGUNGEN	Actuations
SERVICE	Service
EML	Electronic Throttle
EV4	Injection Valve 4
PERSONALISIERUNG	Personalization
INNENBELEUCHTUNG	Interior Lighting
LASTSIGNAL	Load Signal
NAVICHECK	Navigation Check
VERBAU	Installation
BREMSENTEMPERATUR	Brake Temperature
LONG	Long
HECKROLLO	Rear Sunshade
HUD	Head-Up Display
GLOBALVAR	Global Variable
WARTEZEIT	Wait Time
DELETE	Delete
CCC	Car Communication Computer
SERVZEIT	Service Time
TESTJOB	Test Job
GROBLECK	Gross Leak
SLEEPTIMEOUT	Sleep Timeout
PLAUSIWERTE	Plausibility Values
NULL	Null
TRIGGER	Trigger
REPORT	Report
HYDRAULIKPUMPE	Hydraulic Pump
CLUTCH	Clutch
LEHNENKOPF	Backrest Head
BELEUCHTUNG	Lighting
GEBLREGLER	Blower Controller
LOWLEVEL	Low Level
SLAVE	Slave
EINBREMS	Brake-In
FAHRZEUGAUFTRAG	Vehicle Order
FORMAT	Format
COUNT	Count
LICENSE	License
DAUERAUS	Permanent Off
ISTWERTE	Actual Values
KLEMMEN	Terminals
TESTMAP	Test Map
POSITIONSDATEN	Position Data
SCHIEBERWEG	Slider Travel
SPANNUNGSWERTE	Voltage Values
TANKINHALT	Tank Content
THR	Throttle
LIMIT	Limit
VERDECKZAEHLER	Convertible Top Counter
ZUSATZ	Additional
WERK	Factory
ELVCOUNTER	Steering Lock Counter
REPAIR	Repair
MITTE	Center
LAENGE	Length
NO	No
PUSHHOLD	Push Hold
TEILNEHMER	Participant
MICRO	Micro
GENINFO	General Info
DISPLAYBEREICH	Display Area
ZURUECK	Back
CHIP	Chip
BETRIEBSSTUNDEN	Operating Hours
AUFTRAG2	Order 2
INVALID	Invalid
CO2	CO2
DATENSATZNUMMER	Dataset Number
DISPLAYTEST	Display Test
EINBREMSPROZEDUR	Brake-In Procedure
FAHRZEUG	Vehicle
GETTICKCOUNT	Get Tick Count
SN	Serial Number
IDENTIFIKATION	Identification
KALIBRIERSTATUS	Calibration Status
DIAGNOSEINDEX	Diagnostic Index
VARIANTENINDEX	Variant Index
FORTFUEHREN	Continue
POTIANSCHLAEGE	Potentiometer Stops
FROM	From
BASIC	Basic
END	End
SOS	SOS
LEWI	Steering Angle
ABTRIEBSDREHZ	Output Speed
ISTPOSITION	Actual Position
DME2	DME 2
ENGINE7	Engine 7
VBAT	Battery Voltage
ANTENNENSPANNUNG	Antenna Voltage
ARRAY	Array
AIRBAGS	Airbags
RECEPTION	Reception
BEDIENANFORDERUNGEN	Operating Requests
BESCHLAG	Fogging
SYSTEMSTATUS	System Status
GRAPHICS	Graphics
CLAMP	Clamp
CONNECTED	Connected
DELTA	Delta
DIR	Direction
DYNAMISCHE	Dynamic
KENNLINIEN	Characteristic Curves
CREATE	Create
DEVICES	Devices
GETR	Transmission
HARDWAREVERSION	Hardware Version
INAKTIVEREIGNIS1	Inactive Event 1
WARNEREIGNIS3	Warning Event 3
IMOTOR	Engine Current
INTERNE	Internal
DRIVING	Driving
OK	OK
KATALYSATOR	Catalytic Converter
KI	Instrument Cluster
AKTORIK	Actuators
LECKLUFT	Leak Air
ANZUGSKRAFT	Clamping Force
LOUDNESS	Loudness
HALL	Hall Sensor
BLOCK1	Block 1
DETECT	Detect
MOTORSTROM	Motor Current
MW5	Measured Value 5
ATF	Transmission Fluid
QUALIFIER	Qualifier
RATIOMETRISCHE	Ratiometric
REGELUNGSDATEN	Control Data
SCHALTERBLOCK	Switch Block
SERNR	Serial Number
PRODUCT	Product
NUMERISCH	Numeric
SPANNKRAFT	Clamping Force
SPRACHEN	Languages
STATUSBYTE5	Status Byte 5
ENTWICKLUNG	Development
TACHOPULSE	Speedometer Pulse
HISTORIE	History
THROTTLE	Throttle
FOR	For
ISO14229	ISO 14229
VERSORGUNGEN	Supplies
WAEHLHEBELSTELLUNG	Selector Lever Position
AKTUATORIK	Actuators
BZW	Respectively
BASS	Bass
HALTEN	Hold
DAEMPFERPROG	Damper Program
DIMMBELEUCHTUNG	Dimmed Lighting
LEISE	Quiet
DENORMIEREN	Denormalize
FUELLMODUS	Fill Mode
HECKSCHEIBEN	Rear Windows
REGION	Region
ENTFROSTUNG	Defrost
MASTERVIN	Master VIN
MODEWEITERSCHALTUNG	Mode Switching
NASSARMHEIZUNG	Wiper Arm Heating
GENERIEREN	Generate
DISPLAYKONTRAST	Display Contrast
SCHLUESSELDATEN	Key Data
SHUTTER	Shutter
SOLLWERTE	Target Values
STEPPER	Stepper
TRANSPONDERKENNUNG	Transponder ID
VOLUME	Volume
WASCHPUMPE	Washer Pump
ZURUECKNEHMEN	Retract
TCU	Transmission Control Unit
TESTEN	Test
WARTEN	Wait
ZEIGERZAHL	Pointer Count
RPA	Tire Pressure Monitor
HS	High Side
DIAG	Diagnostics
DAB	Digital Audio Broadcasting
FA	Vehicle Order
COUNTER	Counter
ENABLE	Enable
FENSTERHEBER	Window Lifter
IBOC	In-Band On-Channel
FP	Fuel Pump
CONFIGURATION	Configuration
RLS	Rain Light Sensor
GM3	Body Module 3
MSA	Auto Start-Stop
AFS	Adaptive Headlights
INTERNAL	Internal
TRSP	Transponder
REGISTER	Register
ANTENNA	Antenna
LAUTSPRECHER	Speaker
NUMBER	Number
NEU	New
EJECT	Eject
ABGLEICHEN	Calibrate
CTRL	Control
ADAPTIVDATEN	Adaptive Data
FUNKTIONSANZEIGE	Function Display
MOTORLAGEWINKEL	Engine Position Angle
DUMMY	Dummy
ENDTEST	Final Test
VAKUUM	Vacuum
AKTOREN	Actuators
SUPPLY	Supply
ACTUATORS	Actuators
WAKE	Wake
AKTUATOR	Actuator
VMAX	Max Speed
LAMELLEN	Louvers
ZWP	Auxiliary Water Pump
SAEULE	Pillar
WARPING	Warping
DENORMIERER	Denormalizer
ABBLENDEN	Dim
PASSIV	Passive
SESSION	Session
SELF	Self
AKTUELLES	Current
DIG	Digital
MODI	Modes
WIDERSTAND	Resistance
BELU	Ventilation
HINTEN	Rear
LLR	Idle Speed Controller
LSH3	Lambda Heater 3
NULLGANGSENSOR	Neutral Gear Sensor
SR	Sunroof
BELUEFTUNG	Ventilation
KORREKTURFAKTOR	Correction Factor
FUNKTIONAL	Functional
VERSIONS	Versions
COLOR	Color
PHONE	Phone
LESEN2	Read 2
CODIERBLOCK	Coding Block
FERTIGUNGSDATEN	Production Data
EXPERT	Expert
REGLERWERTE	Controller Values
GRAD	Degrees
UHR	Clock
FERTIG	Done
TURN	Turn
RADSATZVARIANTE	Wheelset Variant
SITZTIEFE	Seat Depth
AUC	Air Quality Sensor
BESCHLAGSENSOR	Fogging Sensor
LASTPROFIL	Load Profile
STATISTIK	Statistics
FAN	Fan
SMG	Sequential Manual Gearbox
ELEMENTS	Elements
HEADING	Heading
INNENFUEHLERGEBLAESE	Interior Sensor Blower
JITTERMESSUNG	Jitter Measurement
KOMP	Compressor
SCHLUESSELCODE	Key Code
ACHSE	Axle
PREH	Preh
INDIKATOR	Indicator
GESPERRT	Locked
SERVOTRONIC	Servotronic
SPEECH	Speech
LENKRAD	Steering Wheel
TRANSPORTMODE	Transport Mode
WASSERVENTILE	Water Valves
ZUSATZLUEFTER	Auxiliary Fan
AUSRICHTUNGSTEST	Alignment Test
MISCHLUFT	Mixed Air
LEUCHTE	Lamp
NOTRUF	Emergency Call
SCHEIBE	Window
GESCH	Speed
WINDLAUF	Cowl
LICHTQUELLEN	Light Sources
ERHOEHEN	Increase
RFK	Rear View Camera
VERSIONINFO	Version Info
UNLOCK	Unlock
ADAP2	Adaptation 2
CARD	Card
BOOTLOADERSWVERSION	Bootloader SW Version
GENTEX	Gentex
EINSTELLUNG	Setting
DEBUGGING	Debugging
DREHSINN	Rotation Direction
FAULTDETECTION	Fault Detection
FAHRZEUGTYP	Vehicle Type
TUEREN	Doors
KALTABFRAGE	Cold Query
DATENINDEX	Data Index
DSP	Digital Signal Processor
FAHREN	Drive
SAHARA	Sahara
BC	Onboard Computer
LANGZEITABGLEICH	Long-Term Calibration
RIGHT	Right
ABTRIEBSDREHZAHL	Output Speed
KURVE	Curve
DME5	DME 5
ENGINE9	Engine 9
ANALOGE	Analog
ANTENNENSTROM	Antenna Current
ASSEMBLY	Assembly
AUTHENT	Authentication
BATT	Battery
BEDIENELEMENT	Control Element
LOES	Delete
CALIB	Calibration
GEBL	Blower
MFS	Multifunction Steering Wheel
OFFROAD	Offroad
TRANSMITTER	Transmitter
DIRECTION	Direction
SCHALTUNG	Shifting
ENERGIESPARMODUS	Energy Saving Mode
FAHRZEUGGESCHWINDIGKEITEN	Vehicle Speeds
CHKSUM	Checksum
OWN	Own
TEACHEN	Teach
DILUTION	Dilution
HEBEL	Lever
INAKTIVEREIGNIS2	Inactive Event 2
WARNUNGSZAEHLER	Warning Counter
INCLUDED	Included
ZUSTAENDE	States
STABILITY	Stability
READY	Ready
KATS	Catalytic Converters
KICKDOWN	Kickdown
KLEMMENSPANNUNG	Terminal Voltage
KRAFTSENSOR	Force Sensor
DEFEKTE	Defects
LEERLAUFINTEGRATOR	Idle Integrator
ANZUGSPOS	Tightening Position
LOUDSP	Loudspeaker
SKALIERUNG	Scaling
BLOCK2	Block 2
MOMENTENSENSOR	Torque Sensor
MSAINFO	Auto Start-Stop Info
NACHSPANN	Re-Tension
ERGEBNISSE	Results
POI	Point Of Interest
FENSTERHEBERLAUF	Window Lifter Run
RAW	Raw
REGLERGROESSEN	Controller Variables
SCHALTVENTILE	Shift Valves
FBLOCK	Function Block
GRACENOTES	Gracenotes
TESTLAUF	Test Run
SYMBOLISCH	Symbolic
SNR	Serial Number
SPANNUNGEN	Voltages
STATUSINFORMATIONEN	Status Information
KLSTRG	Climate Control
CODEDATA	Code Data
HANDSENDER1	Remote Transmitter 1
TURBINENDREHZAHL	Turbine Speed
VERSORGUNGSSPANNUNG	Supply Voltage
ABSTIME	Absolute Time
LERNFUNKTION	Learning Function
GAUGES	Gauges
TOGGELN	Toggle
TREBLE	Treble
ELEKTRISCHE	Electrical
CAS205	Car Access System 205
DEL	Delete
DISPLAYHELLIGKEIT	Display Brightness
LUEFTER1	Fan 1
FESTSTELLEN	Detect
FUNKTIONSERGEBNISSE	Function Results
AUTORUN	Autorun
FRONT	Front
KUPP	Clutch
BLAU	Blue
MEM	Memory
MONTAGEPOSITON	Mounting Position
NAVIMETADB	Navigation Metadata DB
PDC	Park Distance Control
KUEHLFACH	Cooling Compartment
RESCUE	Rescue
US	Ultrasonic
KALTBEFEUERUNG	Cold Firing
IHKA	Automatic Climate Control
FERNLICHT	High Beam
FIX	Fix
BEFUELL	Fill
VORFOERDERPUMPE	Pre-Feed Pump
ACCELLERATION	Acceleration
STEUERGERAETESTATUS	Control Unit Status
DREHRATE	Yaw Rate
TIPP	Tip
WINDSCHOTT	Wind Deflector
ZEITINSPEKTIONSZAEHLER	Time Inspection Counter
WRITE	Write
SDARS	Satellite Radio
HISTORY	History
VCM	Video Control Module
DSC	Dynamic Stability Control
CFL	Cornering Fog Light
TASTEN	Buttons
BOOTLOADER	Bootloader
AUSGANG	Output
DATE	Date
REQUEST	Request
IGN	Ignition
OUT	Out
AKTIVIEREN	Activate
DRIVE	Drive
KURZSCHLUSS	Short Circuit
XENON	Xenon
LWG	Steering Angle Sensor
SERIAL	Serial
FELDSTAERKE	Field Strength
BOSCH	Bosch
ELV	Steering Column Lock
MODUS	Mode
BACKLIGHT	Backlight
GEBLAESE	Blower
HOCHLAUFPRUEFUNG	Startup Test
INPA	INPA
WEISSABGLEICH	White Balance
LENKWINKELSENSOR	Steering Angle Sensor
DENORM	Denormalize
LEARN	Learn
VALUES	Values
VALVE	Valve
EGAS	Electronic Throttle
WHEEL	Wheel
RINGBUFFER	Ring Buffer
EWS4	Immobilizer
LETZTE	Last
TACHO	Speedometer
LINK	Link
REVERSIERER	Reverser
SPIEGELHEIZUNG	Mirror Heating
NAME	Name
BEENDEN	End
AUSSCHALTEN	Switch Off
INDIVIDUALDATA	Individual Data
SUPPLIER	Supplier
REGLER	Controller
EDR	Event Data Recorder
BETAETIGUNGSZAEHLER	Actuation Counter
FAHR	Drive
FLOTTENMODUS	Fleet Mode
NOISE	Noise
STROMWERTE	Current Values
ZWDIAG	Intermediate Diagnosis
FUSSRAUM	Footwell
TESTBITMAP	Test Bitmap
MANIPULATIONS	Manipulation
APPL	Application
FR	Front Right
STACKCHECK	Stack Check
PALETTE	Palette
AHL	Adaptive Headlight
ERKENNUNGSMODUS	Detection Mode
CALIBRATE	Calibrate
COPY	Copy
KORREKTUR	Correction
RINGBUF	Ring Buffer
MODULE	Module
COTOOL	Coding Tool
RESTORE	Restore
TRANSP	Transport
PARALLELE	Parallel
BEACON	Beacon
SBC	Sensotronic Brake Control
ENGINE2	Engine 2
EIGEN	Self
AUDIOKANAELE	Audio Channels
BESCHLEUNIGUNG	Acceleration
KOMPRESSORVENTIL	Compressor Valve
DIAGNOSETESTBETRIEB	Diagnostic Test Mode
ENCODER	Encoder
FAULT	Fault
FREIGABE	Release
GERUCHSSTARTVERRIEGELUNG	Odor Start Lock
I2C	I2C
KBUS	K-Bus
JUSTAGEDATEN	Adjustment Data
LADE	Charge
MENU	Menu
NEXT	Next
RR	Rear Right
RADARZIEL	Radar Target
CHANNEL	Channel
FAHRZYKLUSZAEHLER	Drive Cycle Counter
LASTWECHSEL	Load Change
ZVFH	Central Locking Remote
POS	Position
FOND	Rear Compartment
MITTELKON	Center Console
OELTEMP	Oil Temp
EMPF	Reception
THERMO	Thermo
ZUHEIZER	Auxiliary Heater
MEMO	Memo
MARGINAL	Marginal
INJECTION	Injection
EINKUPPELZEITEN	Clutch Engagement Times
ANLIEFERPOSITION	Delivery Position
VERSIONSNUMMERN	Version Numbers
MOTORS	Motors
INJECTOR	Injector
LAENDERFAKTOR	Country Factor
INFORMATION	Information
DYNBLOCK	Dynamic Block
ENERGIEMODE	Energy Mode
FASTFILTER	Fast Filter
SPEZDATEN	Special Data
TEVES	Teves
INFOSPEICHER	Info Memory
NORMAL	Normal
FERTIGUNGSDATUM	Production Date
LLDATENRETTUNG	Idle Data Recovery
MOTORTYP	Engine Type
CODIERDATA	Coding Data
SIEMENS	Siemens
RESYNC	Resync
PERIOD	Period
VER	Version
PROGRAMMIERDATUM	Programming Date
KANAL	Channel
SEMISCHLUPF	Semi Slip
AKTIVES	Active
EGS1	Transmission Control 1
CONS	Console
ANALOGEINGAENGE	Analog Inputs
DEGRADED	Degraded
ATC	Transfer Case
EMF1	Parking Brake 1
STATISTIC	Statistic
BEDIENGERAET	Control Unit
HEADER	Header
DIVERSES	Miscellaneous
EINSTELLUNGEN	Settings
CODIERBITS	Coding Bits
INNENTEMPERATUR	Interior Temperature
ECUHWVERSION	ECU HW Version
FAHRZEUGHOEHE	Vehicle Height
FLA	High Beam Assistant
FZE	Vehicle Electronics
SOURCE	Source
GETRIEBEPOSITION	Gear Position
OF	Of
HELBAKO	Helbako
INAKTIVEREIGNIS3	Inactive Event 3
NUM	Number
TAB	Table
LEVEL	Level
ENGINE1	Engine 1
SHIFTING	Shifting
KILOMETERSTAND	Odometer
KLIMAGERAETETYP	AC Unit Type
KRAFTSTOFFDRUCK	Fuel Pressure
WIEDERHOL	Repeat
LEMINFO	LEM Info
LOESEKRAFT	Release Force
ACT	Actual
NULLPUNKT	Zero Point
MAPMATERIAL	Map Material
BLOCK3	Block 3
MOSTDIAG	MOST Diagnosis
HAUPTDRUCK	Main Pressure
NOTENTRIEGELUNG	Emergency Release
OPERATING	Operating
QUARZABGLEICH	Crystal Calibration
RBMMODE9	RBM Mode 9
REGLERPARAM	Controller Parameters
SCHLOSSNUESSE	Lock Barrels
SECONDARY	Secondary
NAVIMAP	Navigation Map
UEBER	Over
CLIPPING	Clipping
MULTIFUSES	Multi Fuses
STEGDREHZAHL	Web Speed
OR	Or
KBUSADRESSE	K-Bus Address
GWS	Gear Selector Switch
HANDSENDER2	Remote Key 2
FRUEH	Early
VDM	Vertical Dynamics Management
VERSORGUNGSSPANNUNGEN	Supply Voltages
WANDLER	Converter
ZEITSTRAHL	Timeline
ACTUATOR	Actuator
ANALOGSIGNALE	Analog Signals
MAINRELAIS	Main Relay
POTENTIOMETER	Potentiometer
HEIZBARE	Heatable
EGS169	Transmission Control 169
CERT	Certificate
DIVERSITY	Diversity
ECOSERVO	Eco Servo
SOFORT	Immediate
LESSEN	Read
HUPE	Horn
IOSTATES	IO States
GELB	Yellow
CALL	Call
REDUZIERTE	Reduced
PICTURE	Picture
PERSISTENZ	Persistence
RINGBELEUCHTUNG	Ring Lighting
RET	Return
SCHNITTSTELLE	Interface
LEITUNGSBEFUELLUNG	Line Filling
SONNENROLLO	Sun Blind
FARBFLAECHE	Color Area
SUCHLAUF	Scan
RESULTS	Results
VORGLUEHLAMPE	Preheat Lamp
WINDABWEISER	Wind Deflector
SVK	System Components Identification
WIPER	Wiper
BT	Bluetooth
BMW	BMW
AD	Analog-Digital
MOST	MOST
BROSE	Brose
CAS	Car Access System
PWR	Power
ARS	Active Roll Stabilization
SENSORCLUSTER	Sensor Cluster
LWS	Steering Angle Sensor
WAKEUP	Wakeup
LERNEN	Learn
FIND	Find
SZL	Steering Column Switch
IGR	Idle Speed Control
NEIGUNG	Tilt
BYTES	Bytes
HA	Rear Axle
HAPTIC	Haptic
BER	Range
SCAN	Scan
USB	USB
DEVICE	Device
KONFIGURATION	Configuration
ENTLUEFTUNG	Bleeding
FLARE	Flare
ACC	Active Cruise Control
HISTORIENSPEICHER	History Memory
WASSERVENTIL	Water Valve
AKTUELL	Current
EEP	EEPROM
TABLE	Table
CALIBRATION	Calibration
LOADING	Loading
ACTIVATION	Activation
RATE	Rate
ECO	Eco
WINKELWERTE	Angle Values
UHRZEIT	Time
KUGELAUS	Ball Disengage
FILE	File
BY	By
ABGLEICHWERTE	Calibration Values
CHECKSUM	Checksum
UPDATE	Update
SPEICHERN	Save
FBLOCKS	Function Blocks
LLFS	Idle Control
BLS	Brake Light Switch
DISA2	DISA 2
EVENT	Event
SELECTION	Selection
PUMPEN	Pumps
ABSOLUT	Absolute
GAUGE	Gauge
SUCHBELEUCHTUNG	Search Lighting
VG	Transfer Case
SCHICHTUNG	Stratification
ONCE	Once
SERVICEZAEHLER	Service Counter
OFFSETWERTE	Offset Values
ERRCODE	Error Code
SYSTEMZEITEN	System Times
MAC	MAC
COMPLETE	Complete
GERAETEADRESSE	Device Address
HEIGHT	Height
DIAGNOSEMODE	Diagnostic Mode
CODING	Coding
IMOB	Immobilizer
TEILENUMMER	Part Number
DEVIDS	Device IDs
LAMPE	Lamp
WERKST	Workshop
STARTZAEHLER	Start Counter
DIAGNOSIS	Diagnosis
FUEL	Fuel
AUSSENTEMP	Outside Temp
AMPERE	Ampere
PRIOSTUFEN	Priority Levels
PERMANENT	Permanent
DRIVER	Driver
FB	Function Block
OELTEMPERATUR	Oil Temperature
OIL	Oil
KALIBRATION	Calibration
IMPEDANZMESSUNG	Impedance Measurement
POWERMANAGEMENT	Power Management
DEFAULTS	Defaults
SPEZIALMODI	Special Modes
EINLAUFSCHUTZ	Run-In Protection
WAVEBAND	Waveband
ZEIGER	Pointer
DAC	DAC
FONDGEBLAESE	Rear Blower
FONDRAUM	Rear Compartment
WARMLUFT	Warm Air
PATCH	Patch
PARAMETERSATZ	Parameter Set
UMSCHALTVENTIL	Switchover Valve
RECEIVE	Receive
SYSTEMZEIT	System Time
RESETPEICHER	Reset Memory
NULLEN	Nulling
SHACKHARTMANN	Shack-Hartmann
INJEKTION	Injection
KUPPLUNGSKENNLINIE	Clutch Curve
BARCODE	Barcode
BASISINITIALISIERUNG	Base Initialization
OLDECU	Old ECU
ALLGEMEIN	General
ENERGIESPAR	Energy Saving
XXL	XXL
40BYTES	40 Bytes
DIVCALC	Div Calc
REGENSENSOR	Rain Sensor
PLAUSICHECK	Plausibility Check
AENDERUNGSINDEX	Change Index
MRSA	Multiple Restraint System
PROGRAM	Program
DIFF	Diff
VARIANT	Variant
SPEZIFISCHE	Specific
DRUCKWERTE	Pressure Values
GAENGE	Gears
AKTUELLE	Current
INSTR2	Instrument 2
TRIM	Trim
ANGEZEIGTER	Displayed
FESTSTELLVORGAENGE	Parking Operations
ATMOS	Atmosphere
EMF2	Parking Brake 2
BATTERIEKALIBRIERUNGSWERTE	Battery Calibration Values
BEDIENKONZEPT	Operating Concept
BETRIEBSSPANNUNG	Operating Voltage
DRUCKSENSORSENSOR	Pressure Sensor
DICKE	Thickness
CODIERSTATUS	Coding Status
CPU	CPU
SHDN	Shutdown
RX	Receive
DREHKNOPF	Rotary Knob
EDC	Electronic Damper Control
GYROSIGNAL	Gyro Signal
FAHRZEUGNEIGUNG	Vehicle Tilt
ABRISS	Cutoff
RUECKWAERTS	Reverse
GEAR	Gear
GETRIEBETEMP	Transmission Temp
NUMMERN	Numbers
KALIBRIEREREIGNIS1	Calibration Event 1
INDIVIDUALISIERUNG	Individualization
ANALOGUE	Analogue
HAZARD	Hazard
KL	Terminal
KLIMASYSTEM	Climate System
KRAFTSTOFFTEMPERATUR	Fuel Temp
LAMPENAUSGANG	Lamp Output
LENKRADWINKEL	Steering Wheel Angle
LOESEPOS	Release Position
MAGNETVENTILE	Solenoid Valves
UEBERWACHUNG	Monitoring
BLOCK4	Block 4
MOSTSYSTEM	MOST System
WANDLERUEBERBR	Converter Lockup
NOX1	NOx 1
PRAEPROZESSOR	Preprocessor
RADGESCHWINDIGKEIT	Wheel Speed
REPEAT	Repeat
BATTERIEZUSTAND	Battery State
COMPONENT	Component
SGTEMP	Control Unit Temp
APP	App
BUILD	Build
RECOG	Recognition
STANDARDABSICHERUNG	Standard Protection
STEPTRONIC	Steptronic
TYPE	Type
TANKLECK	Tank Leak
TEMPERATUREN	Temperatures
TIMEOUTDIAGNOSE	Timeout Diagnosis
SPAET	Late
VELOCITY	Velocity
VERTICAL	Vertical
WARNBLINKEN	Hazard Flashing
REDUZIERT	Reduced
ADAPTIVE	Adaptive
ANLEGEMODUS	Apply Mode
MOTORENDSTUFE	Motor Output Stage
POTIS	Potentiometers
ZUSATZWASSERPUMPE	Auxiliary Water Pump
DIS	Display
COOKIES	Cookies
DPRAM	Dual-Port RAM
EINBREMSEN	Brake-In
ANLERNEN	Teach-In
GETDEFAULTREGISTRY	Get Default Registry
HYDRO	Hydro
KOMFORTFUNKTION	Comfort Function
KUPPLUNGS	Clutch
GRUEN	Green
SENDELEIST	Transmit Power
PMMODUS	PM Mode
SYMBOLBELEUCHTUNG	Symbol Lighting
CONTR	Control
TUNING	Tuning
TESTABBRUCH	Test Abort
SPRITZDUESEN	Spray Nozzles
SPEZIAL	Special
TVSETCHANNEL	TV Set Channel
VERDECK	Convertible Top
WANDLERSTROM	Converter Current
WISCHERABLAGENHEIZUNG	Wiper Park Heating
DEMAND	Demand
PRG	Program
TUNE	Tune
SERVER	Server
ZUSTANDS	State
